Czas,Odległość
1717180708.414034,33.0
1717180709.4247067,33.0
1717180710.4346874,33.0
1717180711.4473262,33.0
1717180712.4602826,33.0
1717180713.4752305,33.0
1717180714.486478,33.0
1717180715.4901788,33.0
1717180716.492375,33.0
1717180717.4963682,33.0
1717180718.5112576,33.0
